id,severity,rule,file,line,cwe,owasp_2025,verdict,notes
SAST-001,WARNING,github-actions-mutable-action-tag,.github/workflows/ci.yml,188,CWE-1357,A03:2025 Software Supply Chain Failures,Out of scope,"CI pipeline config: actions pinned to mutable tags. Real upstream supply-chain risk, outside the app's attack surface."
SAST-002,ERROR,gha-curl-pipe-shell,.github/workflows/ci.yml,359,CWE-78,A03:2025 Software Supply Chain Failures,Out of scope,CI pipeline: curl | bash install pattern. Outside app scope; worth noting as an upstream observation.
SAST-003,WARNING,github-actions-mutable-action-tag,.github/workflows/codeql-analysis.yml,23,CWE-1357,A03:2025 Software Supply Chain Failures,Out of scope,"CI pipeline config: actions pinned to mutable tags. Real upstream supply-chain risk, outside the app's attack surface."
SAST-004,WARNING,github-actions-mutable-action-tag,.github/workflows/codeql-analysis.yml,34,CWE-1357,A03:2025 Software Supply Chain Failures,Out of scope,"CI pipeline config: actions pinned to mutable tags. Real upstream supply-chain risk, outside the app's attack surface."
SAST-005,WARNING,github-actions-mutable-action-tag,.github/workflows/codeql-analysis.yml,36,CWE-1357,A03:2025 Software Supply Chain Failures,Out of scope,"CI pipeline config: actions pinned to mutable tags. Real upstream supply-chain risk, outside the app's attack surface."
SAST-006,WARNING,github-actions-mutable-action-tag,.github/workflows/image_actions.yml,30,CWE-1357,A03:2025 Software Supply Chain Failures,Out of scope,"CI pipeline config: actions pinned to mutable tags. Real upstream supply-chain risk, outside the app's attack surface."
SAST-007,WARNING,github-actions-mutable-action-tag,.github/workflows/image_actions.yml,33,CWE-1357,A03:2025 Software Supply Chain Failures,Out of scope,"CI pipeline config: actions pinned to mutable tags. Real upstream supply-chain risk, outside the app's attack surface."
SAST-008,WARNING,github-actions-mutable-action-tag,.github/workflows/image_actions.yml,42,CWE-1357,A03:2025 Software Supply Chain Failures,Out of scope,"CI pipeline config: actions pinned to mutable tags. Real upstream supply-chain risk, outside the app's attack surface."
SAST-009,ERROR,run-shell-injection,.github/workflows/update-challenges-ebook.yml,22,CWE-78,A05:2025 Injection,Out of scope,CI pipeline: github context interpolated into a run step (Actions script injection). Outside app scope; strongest upstream observation.
SAST-010,ERROR,run-shell-injection,.github/workflows/update-challenges-www-legacy.yml,27,CWE-78,A05:2025 Injection,Out of scope,CI pipeline: github context interpolated into a run step (Actions script injection). Outside app scope; strongest upstream observation.
SAST-011,ERROR,run-shell-injection,.github/workflows/update-challenges-www-legacy.yml,36,CWE-78,A05:2025 Injection,Out of scope,CI pipeline: github context interpolated into a run step (Actions script injection). Outside app scope; strongest upstream observation.
SAST-012,ERROR,run-shell-injection,.github/workflows/update-challenges-www.yml,27,CWE-78,A05:2025 Injection,Out of scope,CI pipeline: github context interpolated into a run step (Actions script injection). Outside app scope; strongest upstream observation.
SAST-013,ERROR,run-shell-injection,.github/workflows/update-challenges-www.yml,36,CWE-78,A05:2025 Injection,Out of scope,CI pipeline: github context interpolated into a run step (Actions script injection). Outside app scope; strongest upstream observation.
SAST-014,MEDIUM,npm-missing-minimum-release-age,.npmrc,1,CWE-829,A03:2025 Software Supply Chain Failures,Out of scope,"npm client config (supply-chain hardening), not application code."
SAST-015,WARNING,node_insecure_random_generator,data/datacreator.ts,305,CWE-327,,FP,"Math.random() used to generate demo/seed data, not tokens or secrets."
SAST-016,WARNING,node_insecure_random_generator,data/datacreator.ts,323,CWE-327,,FP,"Math.random() used to generate demo/seed data, not tokens or secrets."
SAST-017,WARNING,node_username,data/datacreator.ts,350,CWE-798,,FP,"Usernames in demo seed data, not credentials the app authenticates with."
SAST-018,WARNING,node_username,data/datacreator.ts,354,CWE-798,,FP,"Usernames in demo seed data, not credentials the app authenticates with."
SAST-019,WARNING,node_insecure_random_generator,data/datacreator.ts,381,CWE-327,,FP,"Math.random() used to generate demo/seed data, not tokens or secrets."
SAST-020,WARNING,node_insecure_random_generator,data/datacreator.ts,755,CWE-327,,FP,"Math.random() used to generate demo/seed data, not tokens or secrets."
SAST-021,MEDIUM,npm-missing-minimum-release-age,frontend/.npmrc,1,CWE-829,A03:2025 Software Supply Chain Failures,Out of scope,"npm client config (supply-chain hardening), not application code."
SAST-022,WARNING,node_insecure_random_generator,frontend/src/app/Services/conversation-storage.service.ts,17,CWE-327,,FP,"Random ID for chatbot conversation storage, not a session or auth token."
SAST-023,WARNING,node_timing_attack,frontend/src/app/change-password/change-password.component.ts,139,CWE-208,,FP,Client-side comparison (e.g. password vs repeat password). Timing attacks do not apply to browser code.
SAST-024,WARNING,node_insecure_random_generator,frontend/src/app/chatbot/chat-welcome-screen/chat-welcome-screen.component.ts,71,CWE-327,,FP,Cosmetic UI randomness.
SAST-025,WARNING,node_insecure_random_generator,frontend/src/app/coding-challenge-page/components/coding-challenge-fix-it/coding-challenge-fix-it.component.ts,120,CWE-327,,FP,Cosmetic UI randomness.
SAST-026,WARNING,node_timing_attack,frontend/src/app/forgot-password/forgot-password.component.ts,140,CWE-208,,FP,Client-side comparison (e.g. password vs repeat password). Timing attacks do not apply to browser code.
SAST-027,WARNING,node_username,frontend/src/app/login/login.component.ts,62,CWE-798,A07:2025 Authentication Failures,Duplicate,Same issue as SAST-028 (the username half of the credential pair).
SAST-028,ERROR,node_password,frontend/src/app/login/login.component.ts,63,CWE-798,A07:2025 Authentication Failures,TP,"Hardcoded test-account credentials in the Angular login component, shipped in the JS bundle and readable by anyone."
SAST-029,WARNING,node_username,frontend/src/app/navbar/navbar.component.spec.ts,562,CWE-798,,Out of scope,"Test (spec) file, not shipped in the app."
SAST-030,WARNING,node_username,frontend/src/app/purchase-basket/purchase-basket.component.ts,56,CWE-798,,FP,"Hardcoded display text ""(anonymous)"", not a credential."
SAST-031,WARNING,node_username,frontend/src/app/purchase-basket/purchase-basket.component.ts,66,CWE-798,,FP,"Same as SAST-030: display text, not a credential."
SAST-032,ERROR,node_password,frontend/src/app/register/register.component.spec.ts,137,CWE-798,,Out of scope,"Test (spec) file, not shipped in the app."
SAST-033,ERROR,node_password,frontend/src/app/register/register.component.spec.ts,138,CWE-798,,Out of scope,"Test (spec) file, not shipped in the app."
SAST-034,WARNING,node_timing_attack,frontend/src/app/register/register.component.ts,109,CWE-208,,FP,Client-side comparison (e.g. password vs repeat password). Timing attacks do not apply to browser code.
SAST-035,WARNING,node_username,frontend/src/app/sidenav/sidenav.component.spec.ts,236,CWE-798,,Out of scope,"Test (spec) file, not shipped in the app."
SAST-036,WARNING,node_username,frontend/src/app/sidenav/sidenav.component.spec.ts,250,CWE-798,,Out of scope,"Test (spec) file, not shipped in the app."
SAST-037,WARNING,node_username,frontend/src/app/sidenav/sidenav.component.spec.ts,382,CWE-798,,Out of scope,"Test (spec) file, not shipped in the app."
SAST-038,WARNING,aws-subnet-has-public-ip-address,infrastructure/terraform/networking.tf,18,CWE-1220,,Out of scope,Terraform for cloud deployment; not part of the local Docker target.
SAST-039,WARNING,insecure-load-balancer-tls-version,infrastructure/terraform/networking.tf,160,CWE-326,,Out of scope,Terraform for cloud deployment; not part of the local Docker target.
SAST-040,WARNING,node_md5,lib/insecurity.ts,41,CWE-327,A04:2025 Cryptographic Failures,TP,"MD5 used to hash user passwords: unsalted and fast, so leaked hashes crack quickly."
SAST-041,WARNING,node_insecure_random_generator,lib/insecurity.ts,53,CWE-327,A04:2025 Cryptographic Failures,TP,Math.random() used as a JWT secret in denyAll(). Not cryptographically secure. Low impact.
SAST-042,WARNING,hardcoded-jwt-secret,lib/insecurity.ts,54,CWE-798,A07:2025 Authentication Failures,TP,"Hardcoded RSA private key used to sign JWTs. Anyone with the source can forge a token for any user, including admin. FIX CANDIDATE."
SAST-043,ERROR,node_nosqli_injection,routes/address.ts,18,CWE-943,,FP,Sequelize model with parameterized where clause; query scoped to the logged-in user's UserId.
SAST-044,ERROR,node_nosqli_injection,routes/basket.ts,19,CWE-943,A01:2025 Broken Access Control,TP,"Reclassified: not injection. Basket is fetched by ID from the URL without an ownership check, so any user can view another user's basket (IDOR, CWE-639)."
SAST-045,ERROR,node_nosqli_injection,routes/basketItems.ts,68,CWE-943,A01:2025 Broken Access Control,TP,Reclassified from injection to IDOR. Basket item fetched by URL ID with no ownership check. Confirm in DAST.
SAST-046,WARNING,node_insecure_random_generator,routes/captcha.ts,14,CWE-327,,FP,Math.random() picks CAPTCHA arithmetic operands. Weak CAPTCHA design is not a cryptographic issue.
SAST-047,WARNING,node_insecure_random_generator,routes/captcha.ts,15,CWE-327,,FP,Math.random() picks CAPTCHA arithmetic operands. Weak CAPTCHA design is not a cryptographic issue.
SAST-048,WARNING,node_insecure_random_generator,routes/captcha.ts,16,CWE-327,,FP,Math.random() picks CAPTCHA arithmetic operands. Weak CAPTCHA design is not a cryptographic issue.
SAST-049,WARNING,node_insecure_random_generator,routes/captcha.ts,18,CWE-327,,FP,Math.random() picks CAPTCHA arithmetic operands. Weak CAPTCHA design is not a cryptographic issue.
SAST-050,WARNING,node_insecure_random_generator,routes/captcha.ts,19,CWE-327,,FP,Math.random() picks CAPTCHA arithmetic operands. Weak CAPTCHA design is not a cryptographic issue.
SAST-051,ERROR,node_nosqli_injection,routes/captcha.ts,37,CWE-943,,FP,Sequelize parameterized query. CAPTCHAs aren't user-owned data.
SAST-052,WARNING,node_timing_attack,routes/changePassword.ts,28,CWE-208,,FP,"Compares the token to null, not to a secret. No timing risk."
SAST-053,ERROR,node_nosqli_injection,routes/dataErasure.ts,34,CWE-943,,FP,Sequelize query filtered by the email from the logged-in user's token.
SAST-054,ERROR,node_nosqli_injection,routes/delivery.ts,34,CWE-943,,FP,"Sequelize query on delivery methods, which are public data."
SAST-055,ERROR,node_nosqli_injection,routes/deluxe.ts,19,CWE-943,,FP,Sequelize query; UserId set from JWT by appendUserId (server.ts line 648).
SAST-056,ERROR,node_nosqli_injection,routes/deluxe.ts,25,CWE-943,,FP,Sequelize query; UserId set from JWT by appendUserId (server.ts line 648).
SAST-057,ERROR,node_nosqli_injection,routes/deluxe.ts,35,CWE-943,,FP,Sequelize query scoped to the user's UserId (set by appendUserId).
SAST-058,WARNING,express-res-sendfile,routes/fileServer.ts,32,CWE-73,A01:2025 Broken Access Control,TP,"/ftp file server: extension allowlist bypassable with a poison null byte (%2500), giving access to restricted files."
SAST-059,WARNING,express-res-sendfile,routes/keyServer.ts,14,CWE-73,A01:2025 Broken Access Control,TP,"Path traversal blocked by the '/' check, but /encryptionkeys lists and serves key files without authentication (confirmed in browser)."
SAST-060,ERROR,node_nosqli_injection,routes/likeProductReviews.ts,25,CWE-943,A05:2025 Injection,TP,"req.body.id goes unvalidated into MarsDB queries; an object like {""$ne"": -1} is treated as an operator. Low impact. Fix: reject non-string id."
SAST-061,ERROR,node_nosqli_injection,routes/likeProductReviews.ts,43,CWE-943,A05:2025 Injection,Duplicate,"Same root cause as SAST-060 (same unvalidated id, later query)."
SAST-062,WARNING,express-res-sendfile,routes/logfileServer.ts,14,CWE-73,A01:2025 Broken Access Control,TP,Same pattern: /support/logs lists and serves server logs without authentication (confirmed in browser).
SAST-063,ERROR,express-sequelize-injection,routes/login.ts,34,CWE-89,A05:2025 Injection,TP,Email concatenated into a raw SQL query. ' OR 1=1-- logs in as the first user (admin). FIX CANDIDATE.
SAST-064,ERROR,node_nosqli_injection,routes/order.ts,35,CWE-943,A01:2025 Broken Access Control,TP,Reclassified from injection to IDOR. Basket fetched by URL ID at checkout with no ownership check. Confirm in DAST.
SAST-065,ERROR,node_nosqli_injection,routes/order.ts,125,CWE-943,,FP,"Sequelize query on delivery methods, which are public data."
SAST-066,ERROR,node_nosqli_injection,routes/order.ts,148,CWE-943,,FP,Sequelize query; UserId set from JWT by appendUserId on /rest/basket (server.ts line 375).
SAST-067,ERROR,node_nosqli_injection,routes/payment.ts,41,CWE-943,,FP,"Sequelize query scoped to UserId (appendUserId, server.ts line 461)."
SAST-068,WARNING,express-res-sendfile,routes/quarantineServer.ts,14,CWE-73,A01:2025 Broken Access Control,TP,Same pattern: /ftp/quarantine lists and serves quarantined files without authentication (confirmed in browser).
SAST-069,WARNING,express-open-redirect,routes/redirect.ts,18,CWE-601,A01:2025 Broken Access Control,TP,"Redirect allowlist uses substring matching, so an allowed URL embedded in a query parameter bypasses it. FIX CANDIDATE."
SAST-070,ERROR,express-sequelize-injection,routes/search.ts,23,CWE-89,A05:2025 Injection,TP,Search term concatenated into raw SQL. UNION-based injection can dump the Users table.
SAST-071,ERROR,node_nosqli_js_injection,routes/showProductReviews.ts,31,CWE-943,A05:2025 Injection,TP,"User input inside a MarsDB $where clause: JavaScript injection, e.g. sleep() for denial of service."
SAST-072,ERROR,node_nosqli_js_injection,routes/trackOrder.ts,15,CWE-943,A05:2025 Injection,TP,Order ID inside a $where clause: JavaScript injection can return every user's orders.
SAST-073,ERROR,express_xss,routes/userProfile.ts,34,CWE-79,A05:2025 Injection,TP,Username rendered into the profile page; stored XSS is a known Juice Shop issue. Confirm in DAST.
SAST-074,ERROR,code-string-concat,routes/userProfile.ts,65,CWE-95,A05:2025 Injection,TP,Username matching #{...} is passed to eval: server-side code execution (SSTI/RCE). Highest-impact finding.
SAST-075,ERROR,node_logic_bypass,routes/verify.ts,60,CWE-807,,Out of scope,"verify.ts is Juice Shop's challenge-scoring framework, not application business logic."
SAST-076,ERROR,node_nosqli_injection,routes/wallet.ts,12,CWE-943,,FP,"Sequelize query scoped to UserId (appendUserId, server.ts line 645)."
SAST-077,ERROR,node_nosqli_injection,routes/wallet.ts,24,CWE-943,,FP,"Sequelize query scoped to UserId (appendUserId, server.ts line 646)."
SAST-078,WARNING,generic_error_disclosure,rsn/rsnUtil.ts,63,CWE-209,,Out of scope,"rsn = Refactoring Safety Net, internal dev tooling for the code-fix challenges."
SAST-079,WARNING,node_md5,scripts/package.mjs,121,CWE-327,,Out of scope,"Build script: MD5 used for file checksums, not security."
SAST-080,WARNING,express_cors,server.ts,182,CWE-346,A02:2025 Security Misconfiguration,TP,Access-Control-Allow-Origin: * on the API.
SAST-081,WARNING,generic_cors,server.ts,182,CWE-346,A02:2025 Security Misconfiguration,Duplicate,"Same line and issue as SAST-080, reported by a second rule."
SAST-082,INFO,helmet_header_nosniff,server.ts,186,,,Informational,Positive finding: X-Content-Type-Options header is set.
SAST-083,INFO,helmet_header_frame_guard,server.ts,187,,,Informational,Positive finding: X-Frame-Options header is set.
SAST-084,INFO,helmet_header_x_powered_by,server.ts,189,,,Informational,Positive finding: X-Powered-By header is removed.
SAST-085,INFO,helmet_header_feature_policy,server.ts,190,,,Informational,Positive finding: Feature-Policy header is set (deprecated; Permissions-Policy replaces it).
SAST-086,WARNING,express-check-directory-listing,server.ts,268,CWE-548,A01:2025 Broken Access Control,TP,Directory listing enabled via serve-index; unauthenticated listing confirmed in browser.
SAST-087,WARNING,express-check-directory-listing,server.ts,288,CWE-548,A01:2025 Broken Access Control,TP,Directory listing enabled via serve-index; unauthenticated listing confirmed in browser.
SAST-088,WARNING,express-check-directory-listing,server.ts,292,CWE-548,A01:2025 Broken Access Control,TP,Directory listing enabled via serve-index; unauthenticated listing confirmed in browser.
SAST-089,WARNING,express-check-directory-listing,server.ts,296,CWE-548,A01:2025 Broken Access Control,TP,Directory listing enabled via serve-index; unauthenticated listing confirmed in browser.
SAST-090,WARNING,express-check-directory-listing,server.ts,300,CWE-548,A01:2025 Broken Access Control,TP,Directory listing enabled via serve-index; unauthenticated listing confirmed in browser.
SAST-091,WARNING,aws-subnet-has-public-ip-address,terraform/networking.tf,18,CWE-1220,,Out of scope,Second copy of the Terraform config (same findings as SAST-038/039); not part of the local Docker target.
SAST-092,WARNING,insecure-load-balancer-tls-version,terraform/networking.tf,160,CWE-326,,Out of scope,Second copy of the Terraform config (same findings as SAST-038/039); not part of the local Docker target.
MAN-001,,,,,,A06:2025 Insecure Design,TP,"Found by manual review, not Semgrep. likeProductReviews.ts checks likedBy, waits, then updates: concurrent requests bypass the one-like-per-user rule (race condition, CWE-362)."
