id,zap_rule,alert,risk,cwe,instances,example_url,param,attack,owasp_2025,verdict,sast_match,notes
DAST-001,20019,External Redirect,High (Medium),CWE-601,1,http://host.docker.internal:3000/redirect?to=https%3A%2F%2F8135378876071102557.owasp.org%2F%3Fhttps%3A%2F%2Fgithub.com%2Fjuice-shop%2Fjuice-shop,to,https://8135378876071102557.owasp.org/?https://github.com/juice-shop/juice-shop,A01:2025 Broken Access Control,TP,SAST-069,Allowlist bypass exploited: redirect to an attacker-controlled domain by embedding an allowed URL in the query string.
DAST-002,10028,Off-site Redirect,High (Medium),CWE-601,1,http://host.docker.internal:3000/redirect?to=https://github.com/juice-shop/juice-shop,to,,,Informational,SAST-069,Redirect to an allowlisted destination (GitHub) is intended behavior; the exploitable variant is DAST-001.
DAST-003,10062,PII Disclosure,High (High),CWE-359,2,https://features.opensea.io/api/frontend?environment=prod-mainnet&appName=os2-web&sessionId=700724004&properties%5Bplatform%5D=web&properties%5BaccountId%5D=&properties%5BisMobileTester%5D=&properties%5BportfolioTier%5D=&properties%5BisStaff%5D=&properties%5BisBetaTester%5D=&properties%5BisFungiblesBetaTester%5D=,,,,Out of scope,,Third-party site (features.opensea.io) loaded by the AJAX spider via an outbound link; not part of the target.
DAST-004,10062,PII Disclosure,High (High),CWE-359,1,https://www.facebook.com/owasp.juiceshop,,,,Out of scope,,Third-party site (www.facebook.com) loaded by the AJAX spider via an outbound link; not part of the target.
DAST-005,110005,Personally Identifiable Information via WebSocket,High (High),CWE-359,2,https://gql.opensea.io/subscriptions,,,,Out of scope,,Third-party site (gql.opensea.io) loaded by the AJAX spider via an outbound link; not part of the target.
DAST-006,40018,SQL Injection,High (Low),CWE-89,1,http://host.docker.internal:3000/rest/products/search?q=%27%28,q,'(,A05:2025 Injection,TP,SAST-070,Payload '( in the search parameter caused a 500 error: user input breaks the SQL query. Confirms raw SQL concatenation in search.ts.
DAST-007,10095,Backup File Disclosure,Medium (Medium),CWE-530,31,http://host.docker.internal:3000/ftp/quarantine%20-%20Copy,,http://host.docker.internal:3000/ftp/quarantine%20-%20Copy,,FP,,"Verified with curl: responses are the application's default HTML page (SPA fallback, 200 OK), not backup files."
DAST-008,40038,Bypassing 403,Medium (Medium),CWE-348,6,http://host.docker.internal:3000/%2e/ftp/coupons_2013.md.bak,,/%2e/ftp/coupons_2013.md.bak,,FP,,"Verified with curl --path-as-is: /%2e/ftp/... returns the default HTML page, not the protected file."
DAST-009,40040,CORS Misconfiguration,Medium (High),CWE-942,5,http://host.docker.internal:3000,,origin: http://4EBGPjm0.com,A02:2025 Security Misconfiguration,TP,SAST-080,Wildcard CORS (Access-Control-Allow-Origin: *) confirmed on live responses.
DAST-010,10055,CSP: Failure to Define Directive with No Fallback,Medium (High),CWE-693,1,https://www.facebook.com/owasp.juiceshop,content-security-policy,,,Out of scope,,Third-party site (www.facebook.com) loaded by the AJAX spider via an outbound link; not part of the target.
DAST-011,10055,CSP: Wildcard Directive,Medium (High),CWE-693,1,https://opensea.io/collection/juice-shop,content-security-policy,,,Out of scope,,Third-party site (opensea.io) loaded by the AJAX spider via an outbound link; not part of the target.
DAST-012,10055,CSP: script-src unsafe-inline,Medium (High),CWE-693,1,https://opensea.io/collection/juice-shop,content-security-policy,,,Out of scope,,Third-party site (opensea.io) loaded by the AJAX spider via an outbound link; not part of the target.
DAST-013,10055,CSP: script-src unsafe-inline,Medium (High),CWE-693,1,https://owasp.org/slack/invite,Content-Security-Policy,,,Out of scope,,Third-party site (owasp.org) loaded by the AJAX spider via an outbound link; not part of the target.
DAST-014,10055,CSP: style-src unsafe-inline,Medium (High),CWE-693,1,https://x.com/owasp_juiceshop,content-security-policy,,,Out of scope,,Third-party site (x.com) loaded by the AJAX spider via an outbound link; not part of the target.
DAST-015,10055,CSP: style-src unsafe-inline,Medium (High),CWE-693,1,https://opensea.io/collection/juice-shop,content-security-policy,,,Out of scope,,Third-party site (opensea.io) loaded by the AJAX spider via an outbound link; not part of the target.
DAST-016,10055,CSP: style-src unsafe-inline,Medium (High),CWE-693,1,https://github.com/OWASP/owasp-swag/tree/master/projects/juice-shop,Content-Security-Policy,,,Out of scope,,Third-party site (github.com) loaded by the AJAX spider via an outbound link; not part of the target.
DAST-017,10055,CSP: style-src unsafe-inline,Medium (High),CWE-693,1,https://www.facebook.com/owasp.juiceshop,content-security-policy,,,Out of scope,,Third-party site (www.facebook.com) loaded by the AJAX spider via an outbound link; not part of the target.
DAST-018,10055,CSP: style-src unsafe-inline,Medium (High),CWE-693,1,https://owasp.org/slack/invite,Content-Security-Policy,,,Out of scope,,Third-party site (owasp.org) loaded by the AJAX spider via an outbound link; not part of the target.
DAST-019,10038,Content Security Policy (CSP) Header Not Set,Medium (High),CWE-693,5,http://host.docker.internal:3000,,,A02:2025 Security Misconfiguration,TP,,No Content-Security-Policy header on application pages. Low on its own; increases the impact of any XSS.
DAST-020,10098,Cross-Domain Misconfiguration,Medium (Medium),CWE-264,5,http://host.docker.internal:3000/,,,A02:2025 Security Misconfiguration,Duplicate,SAST-080,Same root cause as DAST-009 (Access-Control-Allow-Origin: *).
DAST-021,10106,HTTP Only Site,Medium (Medium),CWE-311,1,http://host.docker.internal:3000/socket.io/?EIO=4&transport=polling&t=Q4SFrlQ,,,,Out of scope,,Local lab runs over plain HTTP by design; TLS is a deployment concern outside this audit.
DAST-022,10020,Missing Anti-clickjacking Header,Medium (Medium),CWE-1021,2,https://accounts.google.com/gsi/button?theme=outline&size=large&shape=pill&logo_alignment=center&text=continue_with&is_fedcm_supported=false&client_id=49625052041-kgt0hghf445lmcmhijv46b715m2mpbct.apps.googleusercontent.com&iframe_id=gsi_210825_387821&cas=8DwG0N8lfqmMpuch%2F6J0NkkBs4UqwSaTMRyPAFIe6Go&hl=en,x-frame-options,,,Out of scope,,Third-party site (accounts.google.com) loaded by the AJAX spider via an outbound link; not part of the target.
DAST-023,10020,Missing Anti-clickjacking Header,Medium (Medium),CWE-1021,1,http://host.docker.internal:3000/socket.io/?EIO=4&transport=polling&t=Q4SEwBE&sid=dff4MWDK-FjSNvPkAAAU,x-frame-options,,,FP,,Only socket.io transport responses lack X-Frame-Options; application pages set it (see SAST-083).
DAST-024,3,Session ID in URL Rewrite,Medium (High),CWE-598,5,http://host.docker.internal:3000/socket.io/?EIO=4&transport=polling&t=Q4SEwBG&sid=dff4MWDK-FjSNvPkAAAU,sid,,,FP,,"sid is socket.io's transport session ID, not the user's authentication token."
DAST-025,90003,Sub Resource Integrity Attribute Missing,Medium (High),CWE-345,5,https://github.com/OWASP/owasp-swag/tree/master/projects/juice-shop,,,,Out of scope,,Third-party site (github.com) loaded by the AJAX spider via an outbound link; not part of the target.
DAST-026,90003,Sub Resource Integrity Attribute Missing,Medium (High),CWE-345,5,https://bsky.app/profile/owasp-juice.shop,,,,Out of scope,,Third-party site (bsky.app) loaded by the AJAX spider via an outbound link; not part of the target.
DAST-027,10055,CSP: Notices,Low (High),CWE-693,1,https://x.com/owasp_juiceshop,content-security-policy,,,Out of scope,,Third-party site (x.com) loaded by the AJAX spider via an outbound link; not part of the target.
DAST-028,10055,CSP: Notices,Low (High),CWE-693,1,https://www.facebook.com/owasp.juiceshop,content-security-policy,,,Out of scope,,Third-party site (www.facebook.com) loaded by the AJAX spider via an outbound link; not part of the target.
DAST-029,10055,CSP: Notices,Low (High),CWE-693,1,https://owasp.org/slack/invite,Content-Security-Policy,,,Out of scope,,Third-party site (owasp.org) loaded by the AJAX spider via an outbound link; not part of the target.
DAST-030,10010,Cookie No HttpOnly Flag,Low (Medium),CWE-1004,3,https://opensea.io/collection/juice-shop,currencyDefault,,,Out of scope,,Third-party site (opensea.io) loaded by the AJAX spider via an outbound link; not part of the target.
DAST-031,10010,Cookie No HttpOnly Flag,Low (Medium),CWE-1004,1,https://github.com/OWASP/owasp-swag/tree/master/projects/juice-shop,_octo,,,Out of scope,,Third-party site (github.com) loaded by the AJAX spider via an outbound link; not part of the target.
DAST-032,10010,Cookie No HttpOnly Flag,Low (Medium),CWE-1004,2,https://owasp.org/slack/invite,owasp-locale,,,Out of scope,,Third-party site (owasp.org) loaded by the AJAX spider via an outbound link; not part of the target.
DAST-033,10011,Cookie Without Secure Flag,Low (Medium),CWE-614,3,https://owasp.org/slack/invite,owasp-locale,,,Out of scope,,Third-party site (owasp.org) loaded by the AJAX spider via an outbound link; not part of the target.
DAST-034,10054,Cookie with SameSite Attribute None,Low (Medium),CWE-1275,2,https://x.com/owasp_juiceshop,__cf_bm,,,Out of scope,,Third-party site (x.com) loaded by the AJAX spider via an outbound link; not part of the target.
DAST-035,10054,Cookie with SameSite Attribute None,Low (Medium),CWE-1275,1,https://csp-reporting.cloudflare.com/cdn-cgi/script_monitor/report?m=OIrC.6My8O.YFlFJXOLznS3M.ocE0KAb2YH1E_LsHMo-1791475180.672626-1.0.1.1-TSbNuXiQxciw2K.vXb2QvcQmmjeZFvGiBM8a_5_KigV9yuOvXHga6N0rmBVxueVxnZ9JJD5fOiqv3_Vl0X2oQCd5JIBJ4Lcp1kALuHJKJkOjTlfnGrW9Afu5RMrgZUpp8Y_sjRQyvca8LuEER.aaUn2jirxdfGqEF2EKBgiBasIxsLMdry2d_cyUDiXAmRZM,__cf_bm,,,Out of scope,,Third-party site (csp-reporting.cloudflare.com) loaded by the AJAX spider via an outbound link; not part of the target.
DAST-036,10054,Cookie with SameSite Attribute None,Low (Medium),CWE-1275,2,https://twitter.com/owasp_juiceshop,__cf_bm,,,Out of scope,,Third-party site (twitter.com) loaded by the AJAX spider via an outbound link; not part of the target.
DAST-037,10054,Cookie with SameSite Attribute None,Low (Medium),CWE-1275,1,https://opensea.io/collection/juice-shop,__cf_bm,,,Out of scope,,Third-party site (opensea.io) loaded by the AJAX spider via an outbound link; not part of the target.
DAST-038,10017,Cross-Domain JavaScript Source File Inclusion,Low (Medium),CWE-829,5,https://github.com/OWASP/owasp-swag/tree/master/projects/juice-shop,https://github.githubassets.com/assets/behaviors-ca878aa4e0f56c58.js,,,Out of scope,,Third-party site (github.com) loaded by the AJAX spider via an outbound link; not part of the target.
DAST-039,10017,Cross-Domain JavaScript Source File Inclusion,Low (Medium),CWE-829,3,https://bsky.app/profile/owasp-juice.shop,https://web-cdn.bsky.app/static/_expo/static/js/web/__common-ce7a71ec87362d614e51eafa486b5f89.js,,,Out of scope,,Third-party site (bsky.app) loaded by the AJAX spider via an outbound link; not part of the target.
DAST-040,90004,Cross-Origin-Embedder-Policy Header Missing or Invalid,Low (Medium),CWE-693,5,http://host.docker.internal:3000,Cross-Origin-Embedder-Policy,,,Informational,,"Cross-Origin-Embedder-Policy not set: defense-in-depth header, no direct exploit."
DAST-041,90004,Cross-Origin-Opener-Policy Header Missing or Invalid,Low (Medium),CWE-693,5,http://host.docker.internal:3000,Cross-Origin-Opener-Policy,,,Informational,,"Cross-Origin-Opener-Policy not set: defense-in-depth header, no direct exploit."
DAST-042,10110,Dangerous JS Functions,Low (Low),CWE-749,2,http://host.docker.internal:3000/chunk-eYAgyLdn.js,,,,Informational,,Pattern match on risky functions inside minified frontend bundles; not a finding without source-level review.
DAST-043,10063,Deprecated Feature Policy Header Set,Low (Medium),CWE-16,5,http://host.docker.internal:3000,,,,Informational,SAST-085,"Deprecated Feature-Policy header, as noted in SAST-085."
DAST-044,2,Private IP Disclosure,Low (Medium),CWE-497,1,http://host.docker.internal:3000/rest/admin/application-configuration,,,,FP,,"IP 192.168.99.100 is a hardcoded example entry in the OAuth redirect allowlist (Docker Machine default), not the server's address. No network information disclosed."
DAST-045,10037,"Server Leaks Information via ""X-Powered-By"" HTTP Response Header Field(s)",Low (Medium),CWE-497,1,https://events.bsky.app/gb/api/features/sdk-7gkUkGy9wguUjyFe,,,,Out of scope,,Third-party site (events.bsky.app) loaded by the AJAX spider via an outbound link; not part of the target.
DAST-046,10037,"Server Leaks Information via ""X-Powered-By"" HTTP Response Header Field(s)",Low (Medium),CWE-497,5,https://public.api.bsky.app/xrpc/app.bsky.ageassurance.getConfig,,,,Out of scope,,Third-party site (public.api.bsky.app) loaded by the AJAX spider via an outbound link; not part of the target.
DAST-047,10037,"Server Leaks Information via ""X-Powered-By"" HTTP Response Header Field(s)",Low (Medium),CWE-497,1,https://opensea.io/collection/juice-shop,,,,Out of scope,,Third-party site (opensea.io) loaded by the AJAX spider via an outbound link; not part of the target.
DAST-048,10036,"Server Leaks Version Information via ""Server"" HTTP Response Header Field",Low (High),CWE-497,5,https://github.githubassets.com/assets/dark-afff6c53aef9b9d1.css,,,,Out of scope,,Third-party site (github.githubassets.com) loaded by the AJAX spider via an outbound link; not part of the target.
DAST-049,10036,"Server Leaks Version Information via ""Server"" HTTP Response Header Field",Low (High),CWE-497,5,https://web-cdn.bsky.app/static/_expo/static/css/ReactCrop-718bc6539c6403aeb01b0d6a1cd7748f.css,,,,Out of scope,,Third-party site (web-cdn.bsky.app) loaded by the AJAX spider via an outbound link; not part of the target.
DAST-050,10035,Strict-Transport-Security Header Not Set,Low (High),CWE-319,1,https://csp-reporting.cloudflare.com/cdn-cgi/script_monitor/report?m=OIrC.6My8O.YFlFJXOLznS3M.ocE0KAb2YH1E_LsHMo-1791475180.672626-1.0.1.1-TSbNuXiQxciw2K.vXb2QvcQmmjeZFvGiBM8a_5_KigV9yuOvXHga6N0rmBVxueVxnZ9JJD5fOiqv3_Vl0X2oQCd5JIBJ4Lcp1kALuHJKJkOjTlfnGrW9Afu5RMrgZUpp8Y_sjRQyvca8LuEER.aaUn2jirxdfGqEF2EKBgiBasIxsLMdry2d_cyUDiXAmRZM,,,,Out of scope,,Third-party site (csp-reporting.cloudflare.com) loaded by the AJAX spider via an outbound link; not part of the target.
DAST-051,10035,Strict-Transport-Security Header Not Set,Low (High),CWE-319,5,https://static.xx.fbcdn.net/rsrc.php/v4/yH/r/M8eLT7nmW99.js,,,,Out of scope,,Third-party site (static.xx.fbcdn.net) loaded by the AJAX spider via an outbound link; not part of the target.
DAST-052,10096,Timestamp Disclosure - Unix,Low (Low),CWE-497,5,http://host.docker.internal:3000/,,,,FP,,Numbers in CSS/HTML matched the Unix timestamp pattern; no sensitive time data.
DAST-053,10021,X-Content-Type-Options Header Missing,Low (Medium),CWE-693,3,http://host.docker.internal:3000/socket.io/?EIO=4&transport=polling&t=Q4SEwBG&sid=dff4MWDK-FjSNvPkAAAU,x-content-type-options,,,FP,,Only socket.io transport responses lack X-Content-Type-Options; application responses set it (see SAST-082).
DAST-054,40040,CORS Header,Informational (High),CWE-942,3,http://host.docker.internal:3000/socket.io/?EIO=4&transport=polling&t=Q4SFrtB&sid=pDZXg_19FgMw9FTHAAAk,,origin: http://4EBGPjm0.com,A02:2025 Security Misconfiguration,Duplicate,SAST-080,"Same root cause as DAST-009, observed on socket.io responses."
DAST-055,90027,Cookie Slack Detector,Informational (Low),CWE-205,5,http://host.docker.internal:3000/api/Recycles/,,,,Informational,,ZAP diagnostic on cookie handling; no vulnerability identified.
DAST-056,120000,Information Disclosure - Information in Browser localStorage,Informational (High),CWE-359,1,https://x.com/owasp_juiceshop,__cuid,,,Out of scope,,Third-party site (x.com) loaded by the AJAX spider via an outbound link; not part of the target.
DAST-057,120000,Information Disclosure - Information in Browser localStorage,Informational (High),CWE-359,7,https://opensea.io/collection/juice-shop,expanded-search,,,Out of scope,,Third-party site (opensea.io) loaded by the AJAX spider via an outbound link; not part of the target.
DAST-058,120000,Information Disclosure - Information in Browser localStorage,Informational (High),CWE-359,4,https://github.com/OWASP/owasp-swag/tree/master/projects/juice-shop,offline_cache_last_cleanup::offline_cache_v2::undefined::queries,,,Out of scope,,Third-party site (github.com) loaded by the AJAX spider via an outbound link; not part of the target.
DAST-059,120000,Information Disclosure - Information in Browser localStorage,Informational (High),CWE-359,7,https://bsky.app/profile/owasp-juice.shop,ALF_THEME,,,Out of scope,,Third-party site (bsky.app) loaded by the AJAX spider via an outbound link; not part of the target.
DAST-060,120000,Information Disclosure - Information in Browser sessionStorage,Informational (High),CWE-359,2,https://fosstodon.org/@owasp_juiceshop,@@scroll|undefined,,,Out of scope,,Third-party site (fosstodon.org) loaded by the AJAX spider via an outbound link; not part of the target.
DAST-061,120000,Information Disclosure - Information in Browser sessionStorage,Informational (High),CWE-359,1,https://opensea.io/collection/juice-shop,os2:long-lasting-cookie-refresh,,,Out of scope,,Third-party site (opensea.io) loaded by the AJAX spider via an outbound link; not part of the target.
DAST-062,120000,Information Disclosure - Information in Browser sessionStorage,Informational (High),CWE-359,2,https://github.com/OWASP/owasp-swag/tree/master/projects/juice-shop,soft-nav:marker,,,Out of scope,,Third-party site (github.com) loaded by the AJAX spider via an outbound link; not part of the target.
DAST-063,120000,Information Disclosure - Information in Browser sessionStorage,Informational (High),CWE-359,1,http://host.docker.internal:3000/#/basket,itemTotal,,,Informational,,sessionStorage holds the basket item total; not sensitive.
DAST-064,10024,Information Disclosure - Sensitive Information in URL,Informational (Medium),CWE-598,4,https://www.facebook.com/ajax/bootloader-endpoint/?modules=KeyframesRenderer%2CFBKeyframesLoggedSession%2CKeyframesAssetDecoder&__aaid=0&__user=0&__a=1&__req=9&__hs=20734.HYP%3Acomet_loggedout_pkg.2.1...0&dpr=1&__ccg=EXCELLENT&__rev=1049703040&__s=%3A%3Al110wy&__hsi=7694327309884052697&__dyn=7xe6E5q5U5O8G6EjBAg5S1Dxu13wsongS3q2ibwNw9G2Saw8i2S1DwUx609vCwjE1EEbbwto2awgo9oO0-E4a3a4oaEd82lwv89k2C1Fwc60AEC1lwlE-U2exi4UaEW2a0CEbrwh8lwUwlu5pUfE2FBwxw46wmobUGdwtU5G3e0Lo4q58jwTwNwLwFg2Xwr84-6o4eEgwro9ob8aEdouwm8bU3cwgo-0dJxG3mam&__csr=hpl9bqB8Gqsl9QGyExGBHr9Na8kp24Td8_EwDKSB5lReyVnZ4poyDutelul7GDTiBWHkDtDCqiZ48iLGh5HYy8rGKmAjyEFebyoGbgWt3EC4VV8KqESA69pGyXz8J6Qn-UiHCUycDDgzy4EjVVrGKWjy9Qi9Wyk8GidgizoOV8nxuejUvGm32dx6i9G6qVEgx28ACzFyaSi2m2nUaATz8jKu2i3yeBwrEdpEC3Gb835yElU7nKEx0goaUkxCgIgEjgm5P1J1e5A1Ay81VS0LUGy0xwh8hxhw8mbxa20CfwaS0DE6RaTh4bwp4A214BDD9zEgxx0MCWx2Uy9xC1Hxu2q0aog2QUN2Uxa1Zw48wr87BAxmUqyU1p80xm09kw0Fbwdrw1vC1vw2984G1CwWbfo4e487-0w813E0NLw25o19F817E1np809P80ad9Otw5_5jykf701cb8A01oVw2Oo0oyK049E0Ay880djze04QU0EW0y5w8aA0JofEcocE21405dw5mgrw8q1ew9B1G3B0YxG0B810E1E8S061oOcw3W8y11weu3WdzUF0jUpwmUhg7u6UekawewmENgS3WewdZ0dO584pso0CV8kwyg4ydJzE6K1Lwd7YhzEFrl0ai0zUJi2okwjUqg3do7-37Aw4yzk483gxHxB0-wZzfwFwsU46bLwl8fGwno2jwvE2kwg85y0aQIlo7y0UU1cU28wQw4ewnE3RyE6GcVk0_Eozo28wok0wo3twBwOyC2WbjaU3Wxq5838o1wUbEAMlgeowwqw6Fw2sVo0eU8Bwzg0MB01w2090xO2y0cAzobp9981HEeo3LwxxXa04dEO48Pdg4i0s6i5o-cxHwp61WgK168320fiw&__hsdp=gcyW1mm5u81591Nf3W16gt7hpFQqmVCapO8Enz0GOX8amzyyxxzCkwj8cgZzVb8S73J4igpwBxi15e1OwaC1cDhE9U1q8tWwl617x4C971a8otwT6hRMB7NrCo30z86G1Vwywfu2tu1nzE0z20i-0pG5Uuxu0xo1D87i0ri2C1pwn82rBwYwoo6O0vy2i586e5Uvw2volxm0GUsw9a1Hwfi0zE1kobU4K0B8-3uE25wmUpwExO0Jo5q09bw&__hblp=0cS1ho7u15wl84-0TU1pqw8i0my7uE5qu0w8y7U8U6iq0ME72q1VAxuh0cmewywHwt8jw23U2eg1wo2sxK1ew8m0ja1uyE3ZweO3W2C1pyE560CVo5C0E8qw4EwjU4O2y2i585O3W0h-0lS5o1TotzoO0AEpzE1c85K1jwLwiUrxoM5OfKm320xo4G1Mw9y1PxFk3fwOxC10wWwsQ1Kxe3m08bxK&__sjsp=gcyW3cIkq5u81591Nf3W16gt7hpFQcKpyCsya2gaKmQfAaexxzFO1cwN0CwPh4A&__comet_req=15&__spin_r=1049703040&__spin_b=trunk&__spin_t=1791475180&__crn=comet.fbweb.CometProfilePlusLoggedOutRoute,__user,,,Out of scope,,Third-party site (www.facebook.com) loaded by the AJAX spider via an outbound link; not part of the target.
DAST-065,10027,Information Disclosure - Suspicious Comments,Informational (Medium),CWE-615,1,https://appleid.cdn-apple.com/appleauth/static/jsapi/appleid/1/en_US/appleid.auth.js,,,,Out of scope,,Third-party site (appleid.cdn-apple.com) loaded by the AJAX spider via an outbound link; not part of the target.
DAST-066,10027,Information Disclosure - Suspicious Comments,Informational (Medium),CWE-615,1,https://github.githubassets.com/assets/chunk-lazy-element-select-panel-f3acb46f45c42f0e.js,,,,Out of scope,,Third-party site (github.githubassets.com) loaded by the AJAX spider via an outbound link; not part of the target.
DAST-067,90033,Loosely Scoped Cookie,Informational (Low),CWE-565,3,https://api.x.com/1.1/flow/viewer.json,,,,Out of scope,,Third-party site (api.x.com) loaded by the AJAX spider via an outbound link; not part of the target.
DAST-068,90033,Loosely Scoped Cookie,Informational (Low),CWE-565,5,https://features.opensea.io/api/frontend?environment=prod-mainnet&appName=os2-web&sessionId=700724004&properties%5Bplatform%5D=web&properties%5BaccountId%5D=&properties%5BisMobileTester%5D=,,,,Out of scope,,Third-party site (features.opensea.io) loaded by the AJAX spider via an outbound link; not part of the target.
DAST-069,90033,Loosely Scoped Cookie,Informational (Low),CWE-565,1,https://gql.opensea.io/graphql?app_id=os2-web&operationName=TraitFiltersSectionQuery&variables=%7B%22slug%22%3A%22juice-shop%22%2C%22limit%22%3A100%7D&extensions=%7B%22clientLibrary%22%3A%7B%22name%22%3A%22%40apollo%2Fclient%22%2C%22version%22%3A%224.3.1%22%7D%2C%22persistedQuery%22%3A%7B%22version%22%3A1%2C%22sha256Hash%22%3A%22ace66b0898aa90edb67c68ef0e6779e276186942ceaaacac7f0eaa3e15f09fff%22%7D%7D,,,,Out of scope,,Third-party site (gql.opensea.io) loaded by the AJAX spider via an outbound link; not part of the target.
DAST-070,10109,Modern Web Application,Informational (Medium),,5,http://host.docker.internal:3000,,,,Informational,,ZAP notes the site is a JavaScript single-page app; used to choose the AJAX spider.
DAST-071,10049,Non-Storable Content,Informational (Medium),CWE-524,4,http://host.docker.internal:3000/ftp/eastere.gg,,,,Informational,,Caching behavior note; no vulnerability.
DAST-072,10015,Re-examine Cache-control Directives,Informational (Low),CWE-525,1,https://x.com/owasp_juiceshop,cache-control,,,Out of scope,,Third-party site (x.com) loaded by the AJAX spider via an outbound link; not part of the target.
DAST-073,10015,Re-examine Cache-control Directives,Informational (Low),CWE-525,1,https://github.com/OWASP/owasp-swag/tree/master/projects/juice-shop,cache-control,,,Out of scope,,Third-party site (github.com) loaded by the AJAX spider via an outbound link; not part of the target.
DAST-074,10015,Re-examine Cache-control Directives,Informational (Low),CWE-525,1,https://bsky.app/profile/owasp-juice.shop,cache-control,,,Out of scope,,Third-party site (bsky.app) loaded by the AJAX spider via an outbound link; not part of the target.
DAST-075,10015,Re-examine Cache-control Directives,Informational (Low),CWE-525,5,https://owasp.org/?_rsc=lLs6TOPj8Z80N44P,cache-control,,,Out of scope,,Third-party site (owasp.org) loaded by the AJAX spider via an outbound link; not part of the target.
DAST-076,10050,Retrieved from Cache,Informational (Medium),CWE-525,5,https://owasp.org/_next/static/immutable/chunks/3uiqru8_otplb.css,,,,Out of scope,,Third-party site (owasp.org) loaded by the AJAX spider via an outbound link; not part of the target.
DAST-077,10049,Storable and Cacheable Content,Informational (Medium),CWE-524,1,http://host.docker.internal:3000/robots.txt,,,,Informational,,Caching behavior note; no vulnerability.
DAST-078,10049,Storable but Non-Cacheable Content,Informational (Medium),CWE-524,5,http://host.docker.internal:3000,,,,Informational,,Caching behavior note; no vulnerability.
DAST-079,10104,User Agent Fuzzer,Informational (Medium),,5,http://host.docker.internal:3000/socket.io/?EIO=4&transport=polling&t=Q4SFrtB&sid=pDZXg_19FgMw9FTHAAAk,Header User-Agent,Mozilla/4.0 (compatible; MSIE 8.0; Windows NT 6.1),,Informational,,Responses did not change with different User-Agent headers; no vulnerability.
DAST-080,10031,User Controllable HTML Element Attribute (Potential XSS),Informational (Low),CWE-20,1,https://accounts.google.com/gsi/button?theme=outline&size=large&shape=pill&logo_alignment=center&text=continue_with&is_fedcm_supported=false&client_id=49625052041-kgt0hghf445lmcmhijv46b715m2mpbct.apps.googleusercontent.com&iframe_id=gsi_210825_387821&cas=8DwG0N8lfqmMpuch%2F6J0NkkBs4UqwSaTMRyPAFIe6Go&hl=en,hl,,,Out of scope,,Third-party site (accounts.google.com) loaded by the AJAX spider via an outbound link; not part of the target.
MAN-002,,Stack trace in error pages,Low (manual),CWE-209,,http://localhost:3000/ftp/package.json.bak,,,A10:2025 Mishandling of Exceptional Conditions,TP,,"Found manually during DAST triage. 403 error pages return full stack traces revealing internal paths, source files, libraries and the Express version. ZAP's Application Error Disclosure rule passed."
